{"cameraMode":{"drawMode":0,"name":"Shaded","section":"Shading Mode"},"sceneLighting":true,"audioPlay":false,"sceneViewState":{"m_AlwaysRefresh":false,"showFog":true,"showSkybox":true,"showFlares":true,"showImageEffects":true,"showParticleSystems":true,"showVisualEffectGraphs":true,"m_FxEnabled":true},"in2DMode":false,"pivot":{"x":2.63839054107666,"y":19.67889976501465,"z":101.22611236572266},"rotation":{"x":0.3162938356399536,"y":0.007113850209861994,"z":-0.0023745030630379917,"w":0.9486499428749085},"size":14.23983097076416,"orthographic":false}